{"1": {"Discriminator Real Loss": 0.6668633222579956, "Discriminator Fake Loss": 0.7054495811462402, "GAN Loss": 0.8915460109710693}, "2": {"Discriminator Real Loss": 0.7235193252563477, "Discriminator Fake Loss": 0.7313467860221863, "GAN Loss": 0.7194808125495911}, "3": {"Discriminator Real Loss": 0.7212073802947998, "Discriminator Fake Loss": 0.7058782577514648, "GAN Loss": 0.6361595988273621}, "4": {"Discriminator Real Loss": 0.6791865825653076, "Discriminator Fake Loss": 0.7008134126663208, "GAN Loss": 0.6216269135475159}, "5": {"Discriminator Real Loss": 0.6875317096710205, "Discriminator Fake Loss": 0.694696843624115, "GAN Loss": 0.7505798935890198}, "6": {"Discriminator Real Loss": 0.6948186159133911, "Discriminator Fake Loss": 0.7102348804473877, "GAN Loss": 0.6743640899658203}}